_0.000100709325397,1.16766,0.810838
0.000101959,1.15661,0.818345
0.000103209,1.15661,0.822099
0.000104459,1.14925,0.829607
0.000105709,1.14557,0.840868
0.000106959,1.13452,0.840868
0.000108209,1.13452,0.852129
0.000109459,1.12347,0.859637
0.000110709,1.11242,0.86339
0.000111959,1.11242,0.870898
0.000113209,1.10506,0.874652
0.000114459,1.09769,0.882159
0.000115709,1.09033,0.885913
0.000116959,1.07928,0.893421
0.000118209,1.07928,0.897174
0.000119459,1.06823,0.912189
0.000120709,1.06087,0.912189
0.000121959,1.06087,0.919697
0.000123209,1.0535,0.927204
0.000124459,1.04614,0.927204
0.000125709,1.03877,0.938466
0.000126959,1.03509,0.945973
0.000128209,1.02773,0.953481
0.000129459,1.02036,0.957235
0.000130709,1.02036,0.957235
0.000131959,1.013,0.968496
0.000133209,1.00195,0.97225
0.000134459,1.00195,0.979757
0.000135709,0.994584,0.983511
0.000136959,0.990902,0.987265
0.000138209,0.983537,0.994772
0.000139459,0.972489,1.00228
0.000140709,0.972489,1.00979
0.000141959,0.968807,1.01354
0.000143209,0.957759,1.01729
0.000144459,0.957759,1.02105
0.000145709,0.950394,1.0248
0.000146959,0.946712,1.03606
0.000148209,0.935664,1.03982
0.000149459,0.931982,1.04732
0.000150709,0.928299,1.05108
0.000151959,0.920934,1.05483
0.000153209,0.917252,1.05859
0.000154459,0.917252,1.06609
0.000155709,0.909887,1.06985
0.000156959,0.902522,1.0736
0.000158209,0.902522,1.08486
0.000159459,0.891475,1.08862
0.000160709,0.887792,1.09237
0.000161959,0.880427,1.09988
0.000163209,0.876745,1.10363
0.000164459,0.876745,1.10739
0.000165709,0.86938,1.11114
0.000166959,0.862015,1.11865
0.000168209,0.858332,1.12615
0.000169459,0.85465,1.12615
0.000170709,0.850967,1.13366
0.000171959,0.843602,1.13366
0.000173209,0.83992,1.14117
0.000174459,0.836237,1.14117
0.000175709,0.82519,1.14492
0.000176959,0.828872,1.15243
0.000178209,0.82519,1.15243
0.000179459,0.817825,1.15618
0.000180709,0.814143,1.16745
0.000181959,0.806778,1.1712
0.000183209,0.803095,1.1712
0.000184459,0.803095,1.17871
0.000185709,0.792048,1.18246
0.000186959,0.792048,1.18997
0.000188209,0.788365,1.19748
0.000189459,0.781,1.20123
0.000190709,0.781,1.20498
0.000191959,0.769953,1.21249
0.000193209,0.762588,1.21624
0.000194459,0.758905,1.21624
0.000195709,0.758905,1.21624
0.000196959,0.755223,1.22751
0.000198209,0.75154,1.22751
0.000199459,0.747858,1.22751
0.000200709,0.747858,1.23877
0.000201959,0.744175,1.24252
0.000203209,0.740493,1.24627
0.000204459,0.733128,1.25003
0.000205709,0.722081,1.25378
0.000206959,0.722081,1.25754
0.000208209,0.722081,1.25378
0.000209459,0.714716,1.2688
0.000210709,0.711033,1.2688
0.000211959,0.707351,1.27255
0.000213209,0.703668,1.28006
0.000214459,0.703668,1.2763
0.000215709,0.699986,1.28381
0.000216959,0.696303,1.29132
0.000218209,0.692621,1.29507
0.000219459,0.685256,1.29507
0.000220709,0.681573,1.29883
0.000221959,0.677891,1.30258
0.000223209,0.677891,1.31009
0.000224459,0.674208,1.31009
0.000225709,0.670526,1.31384
0.000226959,0.666843,1.31384
0.000228209,0.663161,1.32135
0.000229459,0.659478,1.32135
0.000230709,0.655796,1.33261
0.000231959,0.652113,1.33261
0.000233209,0.648431,1.33636
0.000234459,0.644749,1.34387
0.000235709,0.637384,1.34387
0.000236959,0.633701,1.34763
0.000238209,0.633701,1.34763
0.000239459,0.633701,1.35138
0.000240709,0.622654,1.35513
0.000241959,0.622654,1.36264
0.000243209,0.622654,1.36639
0.000244459,0.618971,1.36639
0.000245709,0.611606,1.36639
0.000246959,0.604241,1.3739
0.000248209,0.607924,1.37015
0.000249459,0.596876,1.37766
0.000250709,0.596876,1.38516
0.000251959,0.596876,1.38516
0.000253209,0.593194,1.38892
0.000254459,0.593194,1.39642
0.000255709,0.585829,1.40018
0.000256959,0.582146,1.40018
0.000258209,0.582146,1.40769
0.000259459,0.578464,1.41144
0.000260709,0.578464,1.41144
0.000261959,0.571099,1.41519
0.000263209,0.567416,1.41519
0.000264459,0.567416,1.41895
0.000265709,0.563734,1.4227
0.000266959,0.563734,1.4227
0.000268209,0.560052,1.43021
0.000269459,0.556369,1.43021
0.000270709,0.552687,1.43396
0.000271959,0.549004,1.43396
0.000273209,0.545322,1.44147
0.000274459,0.541639,1.44147
0.000275709,0.537957,1.44147
0.000276959,0.537957,1.44147
0.000278209,0.530592,1.44898
0.000279459,0.530592,1.45273
0.000280709,0.534274,1.46024
0.000281959,0.530592,1.46024
0.000283209,0.526909,1.46775
0.000284459,0.523227,1.46775
0.000285709,0.519544,1.46775
0.000286959,0.515862,1.4715
0.000288209,0.515862,1.47901
0.000289459,0.508497,1.47901
0.000290709,0.508497,1.47901
0.000291959,0.504814,1.48276
0.000293209,0.501132,1.48652
0.000294459,0.497449,1.48652
0.000295709,0.497449,1.49027
0.000296959,0.497449,1.49027
0.000298209,0.493767,1.48652
0.000299459,0.493767,1.49402
0.000300709,0.486402,1.49778
0.000301959,0.479037,1.50153
0.000303209,0.479037,1.50528
0.000304459,0.479037,1.50904
0.000305709,0.471672,1.50904
0.000306959,0.471672,1.50904
0.000308209,0.471672,1.51655
0.000309459,0.46799,1.51279
0.000310709,0.464307,1.51655
0.000311959,0.460625,1.5203
0.000313209,0.460625,1.52781
0.000314459,0.460625,1.53156
0.000315709,0.456942,1.52781
0.000316959,0.45326,1.53907
0.000318209,0.445895,1.53531
0.000319459,0.445895,1.53531
0.000320709,0.445895,1.54282
0.000321959,0.442212,1.53907
0.000323209,0.43853,1.54282
0.000324459,0.442212,1.54282
0.000325709,0.442212,1.54282
0.000326959,0.43853,1.55033
0.000328209,0.427482,1.55408
0.000329459,0.427482,1.55784
0.000330709,0.427482,1.55784
0.000331959,0.420117,1.56159
0.000333209,0.4238,1.56159
0.000334459,0.427482,1.56534
0.000335709,0.420117,1.5691
0.000336959,0.420117,1.5691
0.000338209,0.416435,1.57661
0.000339459,0.416435,1.57661
0.000340709,0.416435,1.58036
0.000341959,0.405387,1.57661
0.000343209,0.401705,1.58036
0.000344459,0.401705,1.58411
0.000345709,0.401705,1.58411
0.000346959,0.398022,1.58787
0.000348209,0.39434,1.59162
0.000349459,0.39434,1.59162
0.000350709,0.39434,1.59537
0.000351959,0.390658,1.59913
0.000353209,0.386975,1.59913
0.000354459,0.390658,1.59913
0.000355709,0.383293,1.60288
0.000356959,0.37961,1.60664
0.000358209,0.37961,1.60288
0.000359459,0.37961,1.60664
0.000360709,0.375928,1.61039
0.000361959,0.368563,1.61414
0.000363209,0.372245,1.61414
0.000364459,0.372245,1.61039
0.000365709,0.372245,1.61414
0.000366959,0.368563,1.6179
0.000368209,0.368563,1.62165
0.000369459,0.36488,1.6254
0.000370709,0.361198,1.62165
0.000371959,0.361198,1.6254
0.000373209,0.361198,1.6254
0.000374459,0.357515,1.62916
0.000375709,0.35015,1.62916
0.000376959,0.35015,1.63291
0.000378209,0.353833,1.62916
0.000379459,0.35015,1.63291
0.000380709,0.346468,1.64042
0.000381959,0.342785,1.64042
0.000383209,0.346468,1.64042
0.000384459,0.342785,1.64042
0.000385709,0.33542,1.64793
0.000386959,0.33542,1.65168
0.000388209,0.339103,1.65543
0.000389459,0.339103,1.65543
0.000390709,0.33542,1.65168
0.000391959,0.331738,1.65543
0.000393209,0.331738,1.66294
0.000394459,0.331738,1.66294
0.000395709,0.328055,1.65919
0.000396959,0.324373,1.65919
0.000398209,0.32069,1.65919
0.000399459,0.324373,1.6667
0.000400709,0.32069,1.6667
0.000401959,0.317008,1.67045
0.000403209,0.317008,1.67045
0.000404459,0.313325,1.67045
0.000405709,0.313325,1.67045
0.000406959,0.309643,1.67045
0.000408209,0.313325,1.6742
0.000409459,0.309643,1.68171
0.000410709,0.305961,1.68171
0.000411959,0.305961,1.67796
0.000413209,0.302278,1.68171
0.000414459,0.305961,1.68546
0.000415709,0.302278,1.68171
0.000416959,0.298596,1.68546
0.000418209,0.298596,1.69297
0.000419459,0.291231,1.69297
0.000420709,0.291231,1.69297
0.000421959,0.294913,1.69673
0.000423209,0.294913,1.69297
0.000424459,0.287548,1.69297
0.000425709,0.280183,1.69297
0.000426959,0.287548,1.70048
0.000428209,0.287548,1.70423
0.000429459,0.283866,1.70799
0.000430709,0.280183,1.70799
0.000431959,0.276501,1.70799
0.000433209,0.280183,1.70423
0.000434459,0.276501,1.70423
0.000435709,0.269136,1.70423
0.000436959,0.276501,1.70799
0.000438209,0.272818,1.70799
0.000439459,0.272818,1.71174
0.000440709,0.272818,1.71174
0.000441959,0.272818,1.71925
0.000443209,0.272818,1.71925
0.000444459,0.272818,1.71925
0.000445709,0.265453,1.71549
0.000446959,0.261771,1.723
0.000448209,0.261771,1.723
0.000449459,0.261771,1.72676
0.000450709,0.261771,1.72676
0.000451959,0.261771,1.72676
0.000453209,0.258088,1.72676
0.000454459,0.258088,1.73051
0.000455709,0.258088,1.72676
0.000456959,0.261771,1.73426
0.000458209,0.250723,1.73802
0.000459459,0.250723,1.74177
0.000460709,0.250723,1.74177
0.000461959,0.250723,1.73802
0.000463209,0.247041,1.73802
0.000464459,0.250723,1.74177
0.000465709,0.250723,1.73426
0.000466959,0.243358,1.74177
0.000468209,0.247041,1.74552
0.000469459,0.250723,1.74177
0.000470709,0.243358,1.74928
0.000471959,0.239676,1.74928
0.000473209,0.239676,1.74928
0.000474459,0.243358,1.75303
0.000475709,0.239676,1.75679
0.000476959,0.235993,1.76054
0.000478209,0.228628,1.75679
0.000479459,0.224946,1.75679
0.000480709,0.232311,1.75679
0.000481959,0.235993,1.76429
0.000483209,0.224946,1.76054
0.000484459,0.228628,1.76054
0.000485709,0.228628,1.76054
0.000486959,0.228628,1.76805
0.000488209,0.224946,1.76805
0.000489459,0.228628,1.76054
0.000490709,0.221264,1.76805
0.000491959,0.217581,1.76805
0.000493209,0.217581,1.76805
0.000494459,0.221264,1.76429
0.000495709,0.221264,1.7718
0.000496959,0.217581,1.76805
0.000498209,0.210216,1.7718
0.000499459,0.217581,1.77555
0.000500709,0.210216,1.7718
0.000501959,0.210216,1.7718
0.000503209,0.206534,1.77931
0.000504459,0.213899,1.77931
0.000505709,0.206534,1.77931
0.000506959,0.210216,1.78306
0.000508209,0.206534,1.77931
0.000509459,0.202851,1.77931
0.000510709,0.206534,1.78682
0.000511959,0.206534,1.78306
0.000513209,0.206534,1.78306
0.000514459,0.202851,1.78682
0.000515709,0.202851,1.78682
0.000516959,0.202851,1.79057
0.000518209,0.195486,1.78682
0.000519459,0.195486,1.79057
0.000520709,0.199169,1.79057
0.000521959,0.195486,1.79057
0.000523209,0.195486,1.79057
0.000524459,0.191804,1.79432
0.000525709,0.191804,1.79808
0.000526959,0.191804,1.80558
0.000528209,0.191804,1.80183
0.000529459,0.191804,1.79808
0.000530709,0.195486,1.80183
0.000531959,0.188121,1.80183
0.000533209,0.184439,1.80183
0.000534459,0.188121,1.80183
0.000535709,0.184439,1.80183
0.000536959,0.180756,1.80183
0.000538209,0.180756,1.80558
0.000539459,0.180756,1.80558
0.000540709,0.180756,1.80558
0.000541959,0.180756,1.80934
0.000543209,0.177074,1.81309
0.000544459,0.180756,1.80934
0.000545709,0.180756,1.81309
0.000546959,0.177074,1.81309
0.000548209,0.180756,1.80934
0.000549459,0.177074,1.81685
0.000550709,0.173391,1.80934
0.000551959,0.173391,1.81309
0.000553209,0.177074,1.8206
0.000554459,0.177074,1.81685
0.000555709,0.173391,1.81309
0.000556959,0.166026,1.81309
0.000558209,0.169709,1.81685
0.000559459,0.173391,1.81685
0.000560709,0.169709,1.81685
0.000561959,0.166026,1.82435
0.000563209,0.166026,1.82811
0.000564459,0.166026,1.82811
0.000565709,0.162344,1.82435
0.000566959,0.162344,1.82811
0.000568209,0.166026,1.82811
0.000569459,0.158661,1.82811
0.000570709,0.166026,1.82811
0.000571959,0.162344,1.83186
0.000573209,0.158661,1.83186
0.000574459,0.158661,1.82811
0.000575709,0.154979,1.82811
0.000576959,0.158661,1.83186
0.000578209,0.158661,1.83562
0.000579459,0.158661,1.83562
0.000580709,0.158661,1.83562
0.000581959,0.158661,1.83937
0.000583209,0.154979,1.83186
0.000584459,0.151296,1.83562
0.000585709,0.151296,1.83562
0.000586959,0.154979,1.83562
0.000588209,0.151296,1.83562
0.000589459,0.143931,1.83937
0.000590709,0.147614,1.83937
0.000591959,0.151296,1.84688
0.000593209,0.143931,1.84312
0.000594459,0.143931,1.84312
0.000595709,0.143931,1.84688
0.000596959,0.147614,1.83937
0.000598209,0.147614,1.83562
0.000599459,0.143931,1.83937
0.000600709,0.140249,1.84312
0.000601959,0.140249,1.83937
0.000603209,0.140249,1.84312
0.000604459,0.143931,1.84688
0.000605709,0.140249,1.84688
0.000606959,0.143931,1.84312
0.000608209,0.136567,1.84312
0.000609459,0.143931,1.84312
0.000610709,0.140249,1.85063
0.000611959,0.132884,1.85438
0.000613209,0.132884,1.84688
0.000614459,0.132884,1.84688
0.000615709,0.132884,1.84688
0.000616959,0.140249,1.85063
0.000618209,0.136567,1.85438
0.000619459,0.136567,1.85438
0.000620709,0.136567,1.85814
0.000621959,0.136567,1.85814
0.000623209,0.132884,1.85438
0.000624459,0.136567,1.85438
0.000625709,0.132884,1.85438
0.000626959,0.132884,1.85814
0.000628209,0.132884,1.85814
0.000629459,0.132884,1.85814
0.000630709,0.132884,1.85814
0.000631959,0.125519,1.86189
0.000633209,0.129202,1.86189
0.000634459,0.129202,1.86189
0.000635709,0.125519,1.86565
0.000636959,0.125519,1.86189
0.000638209,0.125519,1.86189
0.000639459,0.121837,1.86565
0.000640709,0.121837,1.85814
0.000641959,0.121837,1.86189
0.000643209,0.121837,1.86189
0.000644459,0.114472,1.86189
0.000645709,0.118154,1.86565
0.000646959,0.114472,1.8694
0.000648209,0.121837,1.8694
0.000649459,0.125519,1.8694
0.000650709,0.121837,1.86565
0.000651959,0.121837,1.86565
0.000653209,0.121837,1.86565
0.000654459,0.118154,1.8694
0.000655709,0.114472,1.8694
0.000656959,0.118154,1.8694
0.000658209,0.114472,1.8694
0.000659459,0.114472,1.8694
0.000660709,0.118154,1.87315
0.000661959,0.114472,1.87315
0.000663209,0.114472,1.87691
0.000664459,0.114472,1.87691
0.000665709,0.110789,1.87315
0.000666959,0.110789,1.87315
0.000668209,0.114472,1.87691
0.000669459,0.114472,1.87691
0.000670709,0.110789,1.87691
0.000671959,0.110789,1.88066
0.000673209,0.110789,1.88066
0.000674459,0.107107,1.87691
0.000675709,0.107107,1.87691
0.000676959,0.107107,1.88066
0.000678209,0.107107,1.88441
0.000679459,0.107107,1.88817
0.000680709,0.110789,1.88066
0.000681959,0.103424,1.88066
0.000683209,0.107107,1.88066
0.000684459,0.103424,1.88441
0.000685709,0.107107,1.88817
0.000686959,0.107107,1.88817
0.000688209,0.107107,1.89192
0.000689459,0.103424,1.88441
0.000690709,0.107107,1.88441
0.000691959,0.103424,1.88817
0.000693209,0.103424,1.88817
0.000694459,0.0997417,1.88817
0.000695709,0.103424,1.88441
0.000696959,0.103424,1.88817
0.000698209,0.0997417,1.88817
0.000699459,0.0997417,1.88817
0.000700709,0.0997417,1.89192
0.000701959,0.0960592,1.89192
0.000703209,0.0960592,1.88817
0.000704459,0.0997417,1.89192
0.000705709,0.0997417,1.89192
0.000706959,0.0960592,1.88817
0.000708209,0.0997417,1.88817
0.000709459,0.0997417,1.89192
0.000710709,0.0960592,1.89192
0.000711959,0.0997417,1.89192
0.000713209,0.0960592,1.89192
0.000714459,0.0960592,1.88817
0.000715709,0.0997417,1.89192
0.000716959,0.0997417,1.89943
0.000718209,0.0960592,1.89568
0.000719459,0.0923768,1.89568
0.000720709,0.0923768,1.89943
0.000721959,0.0960592,1.89568
0.000723209,0.0960592,1.89192
0.000724459,0.0923768,1.89568
0.000725709,0.0960592,1.89568
0.000726959,0.0886943,1.89943
0.000728209,0.0923768,1.89568
0.000729459,0.0923768,1.89568
0.000730709,0.0850118,1.89943
0.000731959,0.0886943,1.89943
0.000733209,0.0923768,1.89943
0.000734459,0.0886943,1.89943
0.000735709,0.0923768,1.89943
0.000736959,0.0886943,1.89943
0.000738209,0.0886943,1.89943
0.000739459,0.0886943,1.89943
0.000740709,0.0886943,1.89943
0.000741959,0.0850118,1.89943
0.000743209,0.0850118,1.89943
0.000744459,0.0886943,1.89943
0.000745709,0.0850118,1.90318
0.000746959,0.0813293,1.90318
0.000748209,0.0850118,1.90318
0.000749459,0.0886943,1.90318
0.000750709,0.0850118,1.90694
0.000751959,0.0886943,1.89943
0.000753209,0.0813293,1.90318
0.000754459,0.0813293,1.90318
0.000755709,0.0813293,1.90318
0.000756959,0.0813293,1.90318
0.000758209,0.0813293,1.90694
0.000759459,0.0813293,1.90694
0.000760709,0.0813293,1.90694
0.000761959,0.0850118,1.91069
0.000763209,0.0813293,1.91069
0.000764459,0.0776468,1.91069
0.000765709,0.0813293,1.90694
0.000766959,0.0850118,1.91069
0.000768209,0.0776468,1.91444
0.000769459,0.0739644,1.91444
0.000770709,0.0739644,1.91069
0.000771959,0.0776468,1.91069
0.000773209,0.0739644,1.90694
0.000774459,0.0776468,1.91069
0.000775709,0.0776468,1.91069
0.000776959,0.0739644,1.9182
0.000778209,0.0702819,1.91444
0.000779459,0.0776468,1.91444
0.000780709,0.0739644,1.9182
0.000781959,0.0739644,1.91069
0.000783209,0.0739644,1.91069
0.000784459,0.0776468,1.91069
0.000785709,0.0776468,1.91444
0.000786959,0.0776468,1.92195
0.000788209,0.0739644,1.91444
0.000789459,0.0739644,1.91444
0.000790709,0.0739644,1.91444
0.000791959,0.0739644,1.91444
0.000793209,0.0702819,1.91444
0.000794459,0.0702819,1.9182
0.000795709,0.0665994,1.92195
0.000796959,0.0702819,1.9182
0.000798209,0.0739644,1.9182
0.000799459,0.0702819,1.9182
0.000800709,0.0665994,1.9182
0.000801959,0.0702819,1.9182
0.000803209,0.0665994,1.9182
0.000804459,0.0665994,1.92195
0.000805709,0.0702819,1.9182
0.000806959,0.0776468,1.9182
0.000808209,0.0665994,1.91444
0.000809459,0.0665994,1.9182
0.000810709,0.0665994,1.92195
0.000811959,0.0739644,1.9182
0.000813209,0.0702819,1.9182
0.000814459,0.0702819,1.92195
0.000815709,0.0665994,1.92195
0.000816959,0.0665994,1.92195
0.000818209,0.0702819,1.92195
0.000819459,0.0665994,1.92946
0.000820709,0.0592345,1.92571
0.000821959,0.0592345,1.92571
0.000823209,0.0592345,1.92195
0.000824459,0.0629169,1.92195
0.000825709,0.0592345,1.92571
0.000826959,0.0629169,1.92571
0.000828209,0.0665994,1.92571
0.000829459,0.0592345,1.92571
0.000830709,0.0665994,1.92571
0.000831959,0.0629169,1.92195
0.000833209,0.0629169,1.92946
0.000834459,0.055552,1.92571
0.000835709,0.0592345,1.92946
0.000836959,0.0592345,1.92571
0.000838209,0.0592345,1.92571
0.000839459,0.0629169,1.92946
0.000840709,0.0592345,1.92946
0.000841959,0.0592345,1.92946
0.000843209,0.0665994,1.92946
0.000844459,0.0629169,1.92946
0.000845709,0.055552,1.92946
0.000846959,0.055552,1.92571
0.000848209,0.055552,1.93321
0.000849459,0.0592345,1.93321
0.000850709,0.055552,1.92946
0.000851959,0.055552,1.92946
0.000853209,0.0592345,1.92946
0.000854459,0.0592345,1.92946
0.000855709,0.055552,1.93321
0.000856959,0.0592345,1.92946
0.000858209,0.0592345,1.92946
0.000859459,0.055552,1.92946
0.000860709,0.055552,1.92946
0.000861959,0.0592345,1.93321
0.000863209,0.0592345,1.93321
0.000864459,0.0592345,1.93321
0.000865709,0.0629169,1.93321
0.000866959,0.048187,1.92946
0.000868209,0.048187,1.93321
0.000869459,0.055552,1.92571
0.000870709,0.055552,1.93321
0.000871959,0.0592345,1.93321
0.000873209,0.055552,1.92946
0.000874459,0.0518695,1.92946
0.000875709,0.0518695,1.93697
0.000876959,0.0518695,1.93697
0.000878209,0.0518695,1.93321
0.000879459,0.0518695,1.93321
0.000880709,0.0518695,1.93321
0.000881959,0.0518695,1.92946
0.000883209,0.048187,1.93697
0.000884459,0.0518695,1.93697
0.000885709,0.055552,1.93321
0.000886959,0.0518695,1.93321
0.000888209,0.0518695,1.94072
0.000889459,0.0518695,1.93321
0.000890709,0.055552,1.93321
0.000891959,0.048187,1.93697
0.000893209,0.048187,1.93697
0.000894459,0.048187,1.93321
0.000895709,0.048187,1.93321
0.000896959,0.048187,1.94072
0.000898209,0.048187,1.93697
0.000899459,0.048187,1.94072
0.000900709,0.048187,1.93697
0.000901959,0.048187,1.93321
0.000903209,0.0445045,1.93697
0.000904459,0.048187,1.94072
0.000905709,0.048187,1.94072
0.000906959,0.0445045,1.94072
0.000908209,0.048187,1.93321
0.000909459,0.048187,1.93697
0.000910709,0.0371396,1.94072
0.000911959,0.048187,1.93697
0.000913209,0.0518695,1.93697
0.000914459,0.048187,1.93697
0.000915709,0.0445045,1.93697
0.000916959,0.048187,1.93697
0.000918209,0.0445045,1.93697
0.000919459,0.0518695,1.93697
0.000920709,0.048187,1.94447
0.000921959,0.048187,1.93697
0.000923209,0.0445045,1.94072
0.000924459,0.0408221,1.94072
0.000925709,0.0408221,1.94447
0.000926959,0.0408221,1.94072
0.000928209,0.0445045,1.94447
0.000929459,0.0445045,1.94823
0.000930709,0.048187,1.94823
0.000931959,0.0445045,1.94823
0.000933209,0.048187,1.94447
0.000934459,0.0445045,1.94447
0.000935709,0.0408221,1.94072
0.000936959,0.0445045,1.94072
0.000938209,0.0408221,1.94072
0.000939459,0.0371396,1.94823
0.000940709,0.0371396,1.94823
0.000941959,0.0408221,1.94823
0.000943209,0.0445045,1.94823
0.000944459,0.0408221,1.93697
0.000945709,0.0445045,1.94072
0.000946959,0.0408221,1.94447
0.000948209,0.0408221,1.94823
0.000949459,0.0371396,1.94447
0.000950709,0.0408221,1.94823
0.000951959,0.0408221,1.94447
0.000953209,0.0371396,1.94823
0.000954459,0.0408221,1.94447
0.000955709,0.0371396,1.94447
0.000956959,0.0408221,1.95198
0.000958209,0.0408221,1.94823
0.000959459,0.0408221,1.94823
0.000960709,0.0445045,1.94823
0.000961959,0.0408221,1.94823
0.000963209,0.0445045,1.94823
0.000964459,0.0445045,1.94447
0.000965709,0.0334571,1.94823
0.000966959,0.0408221,1.94823
0.000968209,0.0371396,1.94823
0.000969459,0.0334571,1.94823
0.000970709,0.0371396,1.95198
0.000971959,0.0371396,1.95198
0.000973209,0.0408221,1.94823
0.000974459,0.0408221,1.94823
0.000975709,0.0334571,1.94823
0.000976959,0.0371396,1.94823
0.000978209,0.0408221,1.95198
0.000979459,0.0408221,1.95198
0.000980709,0.0371396,1.94823
0.000981959,0.0371396,1.95198
0.000983209,0.0371396,1.95198
0.000984459,0.0371396,1.95198
0.000985709,0.0371396,1.95198
0.000986959,0.0408221,1.94823
0.000988209,0.0371396,1.95574
0.000989459,0.0408221,1.94823
0.000990709,0.0371396,1.95198
0.000991959,0.0371396,1.95198
0.000993209,0.0371396,1.95198
0.000994459,0.0371396,1.94823
0.000995709,0.0371396,1.95198
0.000996959,0.0371396,1.95198
0.000998209,0.0334571,1.95198
0.000999459,0.0371396,1.94823
0.001000709,0.0371396,1.95198
0.001001959,0.0297746,1.95198
0.001003209,0.0371396,1.95198
0.001004459,0.0371396,1.95198
0.001005709,0.0334571,1.95198
0.001006959,0.0408221,1.95198
0.001008209,0.0445045,1.95198
0.001009459,0.0371396,1.94823
0.001010709,0.0371396,1.95198
0.001011959,0.0371396,1.95198
0.001013209,0.0371396,1.95574
0.001014459,0.0371396,1.95198
0.001015709,0.0334571,1.95198
0.001016959,0.0371396,1.95198
0.001018209,0.0371396,1.94823
0.001019459,0.0371396,1.95198
0.001020709,0.0334571,1.95574
0.001021959,0.0408221,1.95574
0.001023209,0.0371396,1.95198
0.001024459,0.0334571,1.95198
0.001025709,0.0334571,1.95198
0.001026959,0.0334571,1.95574
0.001028209,0.0334571,1.95198
0.001029459,0.0297746,1.95198
0.001030709,0.0297746,1.94823
0.001031959,0.0297746,1.95198
0.001033209,0.0334571,1.95198
0.001034459,0.0371396,1.95574
0.001035709,0.0334571,1.95574
0.001036959,0.0334571,1.95574
0.001038209,0.0371396,1.95574
0.001039459,0.0371396,1.95574
0.001040709,0.0408221,1.95574
0.001041959,0.0334571,1.95574
0.001043209,0.0334571,1.95574
0.001044459,0.0334571,1.95949
0.001045709,0.0334571,1.95574
0.001046959,0.0297746,1.95574
0.001048209,0.0297746,1.95949
0.001049459,0.0297746,1.95574
0.001050709,0.0334571,1.95574
0.001051959,0.0334571,1.95949
0.001053209,0.0297746,1.95574
0.001054459,0.0334571,1.95198
0.001055709,0.0334571,1.95949
0.001056959,0.0334571,1.95574
0.001058209,0.0260921,1.95198
0.001059459,0.0297746,1.95574
0.001060709,0.0371396,1.95198
0.001061959,0.0297746,1.95198
0.001063209,0.0297746,1.95574
0.001064459,0.0260921,1.96324
0.001065709,0.0260921,1.95198
0.001066959,0.0260921,1.95574
0.001068209,0.0297746,1.95949
0.001069459,0.0297746,1.96324
0.001070709,0.0297746,1.96324
0.001071959,0.0297746,1.95949
0.001073209,0.0297746,1.95949
0.001074459,0.0334571,1.95574
0.001075709,0.0334571,1.95949
0.001076959,0.0260921,1.95574
0.001078209,0.0224097,1.95949
0.001079459,0.0224097,1.95949
0.001080709,0.0260921,1.95949
0.001081959,0.0297746,1.95949
0.001083209,0.0260921,1.96324
0.001084459,0.0260921,1.95949
0.001085709,0.0260921,1.95949
0.001086959,0.0297746,1.95949
0.001088209,0.0260921,1.95949
0.001089459,0.0260921,1.95949
0.001090709,0.0297746,1.967
0.001091959,0.0334571,1.967
0.001093209,0.0297746,1.96324
0.001094459,0.0260921,1.967
0.001095709,0.0297746,1.96324
0.001096959,0.0260921,1.96324
0.001098209,0.0297746,1.96324
0.001099459,0.0297746,1.95949
0.001100709,0.0260921,1.96324
0.001101959,0.0297746,1.95949
0.001103209,0.0260921,1.96324
0.001104459,0.0297746,1.96324
0.001105709,0.0297746,1.95949
0.001106959,0.0260921,1.95949
0.001108209,0.0260921,1.967
0.001109459,0.0224097,1.967
0.001110709,0.0260921,1.96324
0.001111959,0.0224097,1.96324
0.001113209,0.0260921,1.95949
0.001114459,0.0260921,1.96324
0.001115709,0.0260921,1.96324
0.001116959,0.0187272,1.95949
0.001118209,0.0260921,1.95949
0.001119459,0.0187272,1.95949
0.001120709,0.0224097,1.96324
0.001121959,0.0297746,1.96324
0.001123209,0.0297746,1.96324
0.001124459,0.0224097,1.97075
0.001125709,0.0260921,1.95949
0.001126959,0.0297746,1.96324
0.001128209,0.0260921,1.96324
0.001129459,0.0260921,1.96324
0.001130709,0.0297746,1.967
0.001131959,0.0297746,1.967
0.001133209,0.0224097,1.96324
0.001134459,0.0187272,1.96324
0.001135709,0.0187272,1.96324
0.001136959,0.0224097,1.95949
0.001138209,0.0260921,1.95949
0.001139459,0.0260921,1.96324
0.001140709,0.0224097,1.967
0.001141959,0.0224097,1.967
0.001143209,0.0224097,1.96324
0.001144459,0.0297746,1.96324
0.001145709,0.0260921,1.96324
0.001146959,0.0224097,1.95949
0.001148209,0.0224097,1.96324
0.001149459,0.0224097,1.96324
0.001150709,0.0224097,1.96324
0.001151959,0.0260921,1.96324
0.001153209,0.0260921,1.96324
0.001154459,0.0224097,1.96324
0.001155709,0.0224097,1.967
0.001156959,0.0260921,1.967
0.001158209,0.0260921,1.967
0.001159459,0.0260921,1.96324
0.001160709,0.0224097,1.96324
0.001161959,0.0187272,1.95949
0.001163209,0.0224097,1.967
0.001164459,0.0260921,1.95949
0.001165709,0.0260921,1.95949
0.001166959,0.0224097,1.967
0.001168209,0.0150447,1.967
0.001169459,0.0187272,1.967
0.001170709,0.0187272,1.967
0.001171959,0.0224097,1.967
0.001173209,0.0187272,1.96324
0.001174459,0.0187272,1.967
0.001175709,0.0224097,1.96324
0.001176959,0.0224097,1.95949
0.001178209,0.0224097,1.97075
0.001179459,0.0224097,1.97075
0.001180709,0.0260921,1.96324
0.001181959,0.0260921,1.967
0.001183209,0.0224097,1.97075
0.001184459,0.0260921,1.96324
0.001185709,0.0187272,1.967
0.001186959,0.0260921,1.96324
0.001188209,0.0260921,1.967
0.001189459,0.0260921,1.967
0.001190709,0.0187272,1.96324
0.001191959,0.0224097,1.967
0.001193209,0.0260921,1.967
0.001194459,0.0224097,1.97075
0.001195709,0.0187272,1.97075
0.001196959,0.0224097,1.97075
0.001198209,0.0187272,1.967
0.001199459,0.0150447,1.967
0.001200709,0.0187272,1.96324
0.001201959,0.0187272,1.9745
0.001203209,0.0187272,1.97075
0.001204459,0.0224097,1.97075
0.001205709,0.0260921,1.967
0.001206959,0.0224097,1.97075
0.001208209,0.0260921,1.96324
0.001209459,0.0224097,1.967
0.001210709,0.0187272,1.967
0.001211959,0.0187272,1.967
0.001213209,0.0187272,1.967
0.001214459,0.0187272,1.967
0.001215709,0.0187272,1.97075
0.001216959,0.0187272,1.97075
0.001218209,0.0187272,1.97075
0.001219459,0.0224097,1.97075
0.001220709,0.0187272,1.96324
0.001221959,0.0150447,1.96324
0.001223209,0.0187272,1.9745
0.001224459,0.0187272,1.97075
0.001225709,0.0150447,1.967
0.001226959,0.0150447,1.967
0.001228209,0.0150447,1.9745
0.001229459,0.0187272,1.967
0.001230709,0.0260921,1.967
0.001231959,0.0224097,1.967
0.001233209,0.0224097,1.967
0.001234459,0.0224097,1.967
0.001235709,0.0224097,1.9745
0.001236959,0.0224097,1.9745
0.001238209,0.0187272,1.97075
0.001239459,0.0187272,1.97075
0.001240709,0.0187272,1.967
0.001241959,0.0187272,1.967
0.001243209,0.0187272,1.97075
0.001244459,0.0150447,1.967
0.001245709,0.0187272,1.97075
0.001246959,0.0187272,1.9745
0.001248209,0.0187272,1.967
0.001249459,0.0224097,1.97075
0.001250709,0.0224097,1.9745
0.001251959,0.0224097,1.97075
0.001253209,0.0150447,1.97075
0.001254459,0.00767975,1.967
0.001255709,0.0150447,1.967
0.001256959,0.0187272,1.967
0.001258209,0.0187272,1.967
0.001259459,0.0187272,1.97075
0.001260709,0.0187272,1.9745
0.001261959,0.0150447,1.97075
0.001263209,0.0150447,1.9745
0.001264459,0.0150447,1.9745
0.001265709,0.0150447,1.97075
0.001266959,0.0187272,1.97075
0.001268209,0.0113622,1.96324
0.001269459,0.00767975,1.967
0.001270709,0.0150447,1.967
0.001271959,0.0150447,1.97075
0.001273209,0.0187272,1.967
0.001274459,0.0224097,1.967
0.001275709,0.0187272,1.97075
0.001276959,0.0187272,1.9745
0.001278209,0.0187272,1.9745
0.001279459,0.0150447,1.97826
0.001280709,0.0150447,1.96324
0.001281959,0.0150447,1.97075
0.001283209,0.0187272,1.97075
0.001284459,0.0187272,1.97075
0.001285709,0.0150447,1.97075
0.001286959,0.0150447,1.97075
0.001288209,0.0150447,1.97075
0.001289459,0.0150447,1.97075
0.001290709,0.0150447,1.97075
0.001291959,0.0150447,1.9745
0.001293209,0.0187272,1.97075
0.001294459,0.0150447,1.967
0.001295709,0.0150447,1.967
0.001296959,0.0187272,1.967
0.001298209,0.0150447,1.97075
0.001299459,0.0113622,1.97075
0.001300709,0.0113622,1.97075
0.001301959,0.0113622,1.97075
0.001303209,0.0150447,1.9745
0.001304459,0.0224097,1.97075
0.001305709,0.0150447,1.97075
0.001306959,0.0187272,1.9745
0.001308209,0.0150447,1.97075
0.001309459,0.0150447,1.97075
0.001310709,0.0187272,1.9745
0.001311959,0.0150447,1.97075
0.001313209,0.0187272,1.9745
0.001314459,0.0150447,1.9745
0.001315709,0.0150447,1.97075
0.001316959,0.0150447,1.9745
0.001318209,0.0150447,1.9745
0.001319459,0.0187272,1.9745
0.001320709,0.0150447,1.967
0.001321959,0.0150447,1.97075
0.001323209,0.0113622,1.9745
0.001324459,0.0113622,1.9745
0.001325709,0.0187272,1.9745
0.001326959,0.0113622,1.97075
0.001328209,0.0187272,1.97075
0.001329459,0.0187272,1.97075
0.001330709,0.0150447,1.97075
0.001331959,0.0113622,1.97075
0.001333209,0.00767975,1.9745
0.001334459,0.0113622,1.97075
0.001335709,0.0150447,1.97075
0.001336959,0.0150447,1.97075
0.001338209,0.0150447,1.9745
0.001339459,0.0150447,1.9745
0.001340709,0.0150447,1.97075
0.001341959,0.0150447,1.97075
0.001343209,0.0113622,1.97075
0.001344459,0.00767975,1.97075
0.001345709,0.0113622,1.967
0.001346959,0.00767975,1.97826
0.001348209,0.0113622,1.9745
0.001349459,0.0113622,1.9745
0.001350709,0.0113622,1.97075
0.001351959,0.00767975,1.97075
0.001353209,0.0113622,1.97075
0.001354459,0.0113622,1.97075
0.001355709,0.00767975,1.9745
0.001356959,0.0113622,1.97075
0.001358209,0.0150447,1.967
0.001359459,0.0113622,1.97075
0.001360709,0.00399727,1.97075
0.001361959,0.0113622,1.97075
0.001363209,0.0150447,1.9745
0.001364459,0.0150447,1.9745
0.001365709,0.0113622,1.9745
0.001366959,0.00767975,1.9745
0.001368209,0.0113622,1.9745
0.001369459,0.0113622,1.9745
0.001370709,0.0150447,1.97075
0.001371959,0.0150447,1.967
0.001373209,0.0150447,1.97075
0.001374459,0.0150447,1.9745
0.001375709,0.0187272,1.9745
0.001376959,0.0187272,1.97826
0.001378209,0.0113622,1.97075
0.001379459,0.00767975,1.9745
0.001380709,0.0150447,1.9745
0.001381959,0.0113622,1.967
0.001383209,0.0113622,1.967
0.001384459,0.0113622,1.97075
0.001385709,0.0113622,1.97075
0.001386959,0.0113622,1.97075
0.001388209,0.0113622,1.97075
0.001389459,0.0113622,1.9745
0.001390709,0.0150447,1.9745
0.001391959,0.0150447,1.97075
0.001393209,0.0113622,1.9745
0.001394459,0.0113622,1.97826
0.001395709,0.0150447,1.9745
0.001396959,0.0113622,1.97075
0.001398209,0.0150447,1.97075
0.001399459,0.0113622,1.9745
0.001400709,0.00767975,1.97075
0.001401959,0.0150447,1.97826
0.001403209,0.00767975,1.9745
0.001404459,0.0150447,1.9745
0.001405709,0.0113622,1.9745
0.001406959,0.0113622,1.97826
0.001408209,0.0150447,1.9745
0.001409459,0.0113622,1.9745
0.001410709,0.0113622,1.9745
0.001411959,0.0150447,1.97826
0.001413209,0.0150447,1.97826
0.001414459,0.00767975,1.9745
0.001415709,0.0113622,1.9745
0.001416959,0.0150447,1.9745
0.001418209,0.0187272,1.9745
0.001419459,0.0150447,1.9745
0.001420709,0.00767975,1.9745
0.001421959,0.00767975,1.9745
0.001423209,0.0113622,1.9745
0.001424459,0.0113622,1.9745
0.001425709,0.0113622,1.9745
0.001426959,0.0150447,1.97826
0.001428209,0.00767975,1.97075
0.001429459,0.00767975,1.97075
0.001430709,0.00767975,1.9745
0.001431959,0.0150447,1.9745
0.001433209,0.0187272,1.9745
0.001434459,0.0113622,1.97826
0.001435709,0.0113622,1.97826
0.001436959,0.0113622,1.97826
0.001438209,0.00767975,1.9745
0.001439459,0.0150447,1.9745
0.001440709,0.0187272,1.967
0.001441959,0.0187272,1.97075
0.001443209,0.00767975,1.9745
0.001444459,0.0113622,1.97075
0.001445709,0.00767975,1.97075
0.001446959,0.0150447,1.967
0.001448209,0.0150447,1.97075
0.001449459,0.0113622,1.97075
0.001450709,0.0113622,1.9745
0.001451959,0.0113622,1.9745
0.001453209,0.00767975,1.9745
0.001454459,0.00767975,1.97826
0.001455709,0.0113622,1.97826
0.001456959,0.0150447,1.98201
0.001458209,0.00767975,1.98201
0.001459459,0.00767975,1.9745
0.001460709,0.00767975,1.97826
0.001461959,0.00767975,1.9745
0.001463209,0.0113622,1.97075
0.001464459,0.0150447,1.9745
0.001465709,0.0113622,1.97075
0.001466959,0.0113622,1.9745
0.001468209,0.00767975,1.97826
0.001469459,0.00767975,1.97075
0.001470709,0.0150447,1.9745
0.001471959,0.0113622,1.9745
0.001473209,0.0113622,1.9745
0.001474459,0.0113622,1.97826
0.001475709,0.0113622,1.9745
0.001476959,0.0113622,1.97075
0.001478209,0.0150447,1.9745
0.001479459,0.0150447,1.9745
0.001480709,0.0113622,1.9745
0.001481959,0.0150447,1.97075
0.001483209,0.0113622,1.97826
0.001484459,0.0113622,1.97826
0.001485709,0.0113622,1.9745
0.001486959,0.0113622,1.9745
0.001488209,0.00767975,1.97826
0.001489459,0.00767975,1.9745
0.001490709,0.00767975,1.97826
0.001491959,0.0113622,1.97826
0.001493209,0.0113622,1.97075
0.001494459,0.00767975,1.9745
0.001495709,0.0150447,1.97826
0.001496959,0.0113622,1.98201
0.001498209,0.0113622,1.97826
0.001499459,0.0187272,1.97826
0.001500709,0.0150447,1.9745
0.001501959,0.0113622,1.9745
0.001503209,0.00767975,1.9745
0.001504459,0.00767975,1.97826
0.001505709,0.00767975,1.97826
0.001506959,0.00767975,1.9745
0.001508209,0.0113622,1.97826
0.001509459,0.0150447,1.9745
0.001510709,0.00767975,1.9745
0.001511959,0.0113622,1.97826
0.001513209,0.0113622,1.97826
0.001514459,0.0150447,1.97075
0.001515709,0.0113622,1.9745
0.001516959,0.0113622,1.98201
0.001518209,0.0113622,1.97826
0.001519459,0.00767975,1.9745
0.001520709,0.00767975,1.97826
0.001521959,0.0113622,1.97826
0.001523209,0.0113622,1.9745
0.001524459,0.0113622,1.97826
0.001525709,0.0113622,1.97826
0.001526959,0.0150447,1.9745
0.001528209,0.00767975,1.97826
0.001529459,0.0113622,1.97075
0.001530709,0.00767975,1.9745
0.001531959,0.0113622,1.97826
0.001533209,0.00767975,1.97826
0.001534459,0.00767975,1.97826
0.001535709,0.0113622,1.98201
0.001536959,0.0113622,1.97826
0.001538209,0.00767975,1.97826
0.001539459,0.0113622,1.97826
0.001540709,0.0113622,1.9745
0.001541959,0.00399727,1.97826
0.001543209,0.0113622,1.97826
0.001544459,0.00767975,1.98201
0.001545709,0.00399727,1.9745
0.001546959,0.00767975,1.97826
0.001548209,0.0113622,1.97826
0.001549459,0.0113622,1.97826
0.001550709,0.00767975,1.97826
0.001551959,0.00767975,1.97826
0.001553209,0.00767975,1.97826
0.001554459,0.0113622,1.9745
0.001555709,0.0150447,1.97826
0.001556959,0.0113622,1.97826
0.001558209,0.0150447,1.97826
0.001559459,0.0113622,1.9745
0.001560709,0.00767975,1.9745
0.001561959,0.00399727,1.98201
0.001563209,0.00767975,1.97826
0.001564459,0.00767975,1.98201
0.001565709,0.0113622,1.97826
0.001566959,0.0113622,1.97826
0.001568209,0.00767975,1.98201
0.001569459,0.0113622,1.98201
0.001570709,0.0113622,1.97826
0.001571959,0.0113622,1.98201
0.001573209,0.00767975,1.9745
0.001574459,0.0113622,1.97075
0.001575709,0.0113622,1.97075
0.001576959,0.0113622,1.97826
0.001578209,0.0113622,1.98201
0.001579459,0.00399727,1.98201
0.001580709,0.00767975,1.9745
0.001581959,0.0113622,1.97075
0.001583209,0.0150447,1.98201
0.001584459,0.00767975,1.98201
0.001585709,0.0113622,1.9745
0.001586959,0.00767975,1.97826
0.001588209,0.00767975,1.97826
0.001589459,0.0113622,1.98201
0.001590709,0.0150447,1.98577
0.001591959,0.0113622,1.97826
0.001593209,0.00767975,1.98201
0.001594459,0.0113622,1.98577
0.001595709,0.0113622,1.97826
0.001596959,0.00767975,1.98201
0.001598209,0.00767975,1.97826
0.001599459,0.00767975,1.9745
0.001600709,0.00767975,1.97826
0.001601959,0.0150447,1.97826
0.001603209,0.0150447,1.98201
0.001604459,0.0113622,1.98201
0.001605709,0.0113622,1.98201
0.001606959,0.0113622,1.97826
0.001608209,0.0113622,1.9745
0.001609459,0.00399727,1.9745
0.001610709,0.0113622,1.98201
0.001611959,0.00767975,1.98577
0.001613209,0.00399727,1.97826
0.001614459,0.0150447,1.97826
0.001615709,0.0113622,1.97826
0.001616959,0.0150447,1.97826
0.001618209,0.00767975,1.98201
0.001619459,0.00399727,1.98577
0.001620709,0.00767975,1.98201
0.001621959,0.00767975,1.97826
0.001623209,0.00767975,1.98201
0.001624459,0.0113622,1.97826
0.001625709,0.0113622,1.9745
0.001626959,0.00767975,1.9745
0.001628209,0.00767975,1.98201
0.001629459,0.00767975,1.97826
0.001630709,0.0113622,1.97826
0.001631959,0.0113622,1.9745
0.001633209,0.00767975,1.98201
0.001634459,0.0113622,1.98577
0.001635709,0.0113622,1.97826
0.001636959,0.00399727,1.97826
0.001638209,0.00767975,1.98201
0.001639459,0.00399727,1.9745
0.001640709,0.00767975,1.9745
0.001641959,0.00399727,1.97826
0.001643209,0.00767975,1.9745
0.001644459,0.0113622,1.97826
0.001645709,0.0150447,1.9745
0.001646959,0.00767975,1.9745
0.001648209,0.0113622,1.97826
0.001649459,0.0113622,1.97826
0.001650709,0.0113622,1.9745
0.001651959,0.0187272,1.97826
0.001653209,0.0150447,1.97826
0.001654459,0.00767975,1.97826
0.001655709,0.0113622,1.97826
0.001656959,0.0150447,1.97826
0.001658209,0.00767975,1.97826
0.001659459,0.00767975,1.97826
0.001660709,0.00399727,1.97826
0.001661959,0.00399727,1.9745
0.001663209,0.00399727,1.97826
0.001664459,0.00767975,1.98201
0.001665709,0.00767975,1.98201
0.001666959,0.00767975,1.98201
0.001668209,0.00767975,1.97826
0.001669459,0.00399727,1.98201
0.001670709,0.00767975,1.98201
0.001671959,0.00767975,1.97826
0.001673209,0.00399727,1.97826
0.001674459,0.00399727,1.97826
0.001675709,0.0113622,1.97826
0.001676959,0.0113622,1.98201
0.001678209,0.00767975,1.97826
0.001679459,0.0113622,1.9745
0.001680709,0.0150447,1.97826
0.001681959,0.0113622,1.97826
0.001683209,0.0113622,1.98201
0.001684459,0.00399727,1.97826
0.001685709,0.00767975,1.98201
0.001686959,0.00767975,1.98201
0.001688209,0.00767975,1.97826
0.001689459,0.00767975,1.98201
0.001690709,0.00767975,1.97826
0.001691959,0.0113622,1.97826
0.001693209,0.0113622,1.97826
0.001694459,0.00767975,1.98201
0.001695709,0.00767975,1.97826
0.001696959,0.00767975,1.9745
0.001698209,0.00767975,1.97826
0.001699459,0.00767975,1.97826
0.001700709,0.00767975,1.98201
0.001701959,0.0113622,1.97826
0.001703209,0.00767975,1.97826
0.001704459,0.00767975,1.97826
0.001705709,0.0113622,1.97826
0.001706959,0.0113622,1.97826
0.001708209,0.0113622,1.97826
0.001709459,0.00767975,1.97826
0.001710709,0.00399727,1.9745
0.001711959,0.00399727,1.9745
0.001713209,0.00767975,1.97826
0.001714459,0.00399727,1.97826
0.001715709,0.0113622,1.98201
0.001716959,0.0113622,1.97826
0.001718209,0.00767975,1.98577
0.001719459,0.00767975,1.98201
0.001720709,0.0113622,1.98201
0.001721959,0.00767975,1.98201
0.001723209,0.0113622,1.97826
0.001724459,0.00767975,1.9745
0.001725709,0.0113622,1.98201
0.001726959,0.00399727,1.98201
0.001728209,0.00767975,1.98201
0.001729459,0.0113622,1.98201
0.001730709,0.00399727,1.97826
0.001731959,0.00767975,1.9745
0.001733209,0.00767975,1.97826
0.001734459,0.00767975,1.98201
0.001735709,0.00399727,1.98577
0.001736959,0.00767975,1.98201
0.001738209,0.0113622,1.97826
0.001739459,0.0113622,1.98577
0.001740709,0.00767975,1.97826
0.001741959,0.00767975,1.97826
0.001743209,0.00399727,1.97826
0.001744459,0.00767975,1.97826
0.001745709,0.00399727,1.97826
0.001746959,0.00399727,1.97826
0.001748209,0.00399727,1.97826
0.001749459,0.00767975,1.97826
0.001750709,0.00767975,1.97826
0.001751959,0.00399727,1.97826
0.001753209,0.00399727,1.98201
0.001754459,0.00399727,1.98201
0.001755709,0.00767975,1.98201
0.001756959,0.00767975,1.97826
0.001758209,0.00767975,1.97826
0.001759459,0.00767975,1.97826
0.001760709,0.00767975,1.97826
0.001761959,0.0113622,1.97826
0.001763209,0.0150447,1.97826
0.001764459,0.00399727,1.9745
0.001765709,0.00767975,1.98201
0.001766959,0.00767975,1.98201
0.001768209,0.00399727,1.97826
0.001769459,0.0113622,1.98201
0.001770709,0.0113622,1.98201
0.001771959,0.0113622,1.97826
0.001773209,0.00399727,1.98577
0.001774459,0.00767975,1.98201
0.001775709,0.00399727,1.97826
0.001776959,0.00767975,1.98201
0.001778209,0.00399727,1.98201
0.001779459,0.00767975,1.98201
0.001780709,0.00767975,1.98577
0.001781959,0.00767975,1.98952
0.001783209,0.00767975,1.98201
0.001784459,0.00767975,1.98201
0.001785709,0.000314796,1.98201
0.001786959,0.00399727,1.97826
0.001788209,0.00767975,1.97826
0.001789459,0.00767975,1.98201
0.001790709,0.00767975,1.97826
0.001791959,0.00399727,1.97826
0.001793209,0.00767975,1.98201
0.001794459,0.00399727,1.98201
0.001795709,0.0113622,1.98201
0.001796959,0.00767975,1.97826
0.001798209,0.00767975,1.97826
0.001799459,0.00767975,1.98201
0.001800709,0.00767975,1.98201
0.001801959,0.00767975,1.98201
0.001803209,0.0113622,1.98201
0.001804459,0.00399727,1.98201
0.001805709,0.0113622,1.98577
0.001806959,0.00767975,1.98201
0.001808209,0.0113622,1.98201
0.001809459,0.0113622,1.97826
0.001810709,0.0113622,1.98201
0.001811959,0.00767975,1.98201
0.001813209,0.00767975,1.98201
0.001814459,0.00767975,1.98201
0.001815709,0.0150447,1.98201
0.001816959,0.00399727,1.98201
0.001818209,0.00767975,1.98577
0.001819459,0.00767975,1.98201
0.001820709,0.00767975,1.98201
0.001821959,0.0113622,1.98201
0.001823209,0.0113622,1.97826
0.001824459,0.0113622,1.98201
0.001825709,0.0150447,1.98952
0.001826959,0.0113622,1.98201
0.001828209,0.0113622,1.97826
0.001829459,0.00767975,1.97826
0.001830709,0.00399727,1.98201
0.001831959,0.00399727,1.98201
0.001833209,0.00399727,1.97826
0.001834459,0.00767975,1.97826
0.001835709,0.00767975,1.97826
0.001836959,0.00399727,1.97826
0.001838209,0.0113622,1.97826
0.001839459,0.0113622,1.98201
0.001840709,0.0113622,1.98201
0.001841959,0.0113622,1.97826
0.001843209,0.0113622,1.97826
0.001844459,0.00767975,1.97826
0.001845709,0.0113622,1.98201
0.001846959,0.0113622,1.98201
0.001848209,0.00767975,1.98577
0.001849459,0.0113622,1.98201
0.001850709,0.00767975,1.98201
0.001851959,0.00767975,1.97826
0.001853209,0.00767975,1.98201
0.001854459,0.00767975,1.98201
0.001855709,0.00767975,1.98577
0.001856959,0.0113622,1.98577
0.001858209,0.0113622,1.98952
0.001859459,0.00767975,1.98201
0.001860709,0.00767975,1.98577
0.001861959,0.0113622,1.97826
0.001863209,0.00767975,1.97826
0.001864459,0.000314796,1.98201
0.001865709,0.00399727,1.98201
0.001866959,0.00767975,1.98201
0.001868209,0.00767975,1.97826
0.001869459,0.00767975,1.97826
0.001870709,0.00767975,1.97826
0.001871959,0.0113622,1.9745
0.001873209,0.00767975,1.98201
0.001874459,0.00399727,1.98201
0.001875709,0.00399727,1.98201
0.001876959,0.00767975,1.98201
0.001878209,0.00767975,1.98201
0.001879459,0.0113622,1.97826
0.001880709,0.00767975,1.98201
0.001881959,0.00767975,1.98952
0.001883209,0.00767975,1.98577
0.001884459,0.00767975,1.98201
0.001885709,0.0113622,1.98577
0.001886959,0.00767975,1.98201
0.001888209,0.00767975,1.98201
0.001889459,0.0113622,1.98201
0.001890709,0.0113622,1.98577
0.001891959,0.00767975,1.98201
0.001893209,0.00767975,1.98201
0.001894459,0.00767975,1.97826
0.001895709,0.00399727,1.98201
0.001896959,0.00399727,1.98201
0.001898209,0.00767975,1.97826
0.001899459,0.0113622,1.98577
0.001900709,0.00399727,1.97826
0.001901959,0.00399727,1.98201
0.001903209,0.00767975,1.98201
0.001904459,0.00767975,1.98201
0.001905709,0.00399727,1.98201
0.001906959,0.00767975,1.98201
0.001908209,0.0150447,1.97826
0.001909459,0.00767975,1.9745
0.001910709,0.00767975,1.9745
0.001911959,0.00767975,1.97826
0.001913209,0.00399727,1.98201
0.001914459,0.0113622,1.98577
0.001915709,0.0113622,1.97826
0.001916959,0.0113622,1.98201
0.001918209,0.00767975,1.98577
0.001919459,0.00767975,1.98577
0.001920709,0.0113622,1.98577
0.001921959,0.0113622,1.97826
0.001923209,0.00399727,1.98201
0.001924459,0.00399727,1.98577
0.001925709,0.00399727,1.97826
0.001926959,0.00399727,1.98577
0.001928209,0.00767975,1.98201
0.001929459,0.00767975,1.97826
0.001930709,0.00767975,1.98201
0.001931959,0.00767975,1.98577
0.001933209,0.0113622,1.97826
0.001934459,0.00767975,1.97826
0.001935709,0.00399727,1.97826
0.001936959,0.00767975,1.98577
0.001938209,0.00767975,1.98201
0.001939459,0.0113622,1.98201
0.001940709,0.0113622,1.98577
0.001941959,0.0150447,1.97826
0.001943209,0.00767975,1.97826
0.001944459,0.00399727,1.98201
0.001945709,0.0113622,1.98201
0.001946959,0.0150447,1.98577
0.001948209,0.00767975,1.98201
0.001949459,0.00767975,1.98201
0.001950709,0.00767975,1.98201
0.001951959,0.00767975,1.97826
0.001953209,0.00399727,1.98201
0.001954459,0.0113622,1.98201
0.001955709,0.00767975,1.98201
0.001956959,0.00399727,1.97826
0.001958209,0.00767975,1.97826
0.001959459,0.00767975,1.97826
0.001960709,0.00399727,1.98201
0.001961959,0.00399727,1.98201
0.001963209,0.000314796,1.97826
0.001964459,0.00399727,1.97826
0.001965709,0.00767975,1.98201
0.001966959,0.00399727,1.98201
0.001968209,0.00399727,1.98201
0.001969459,0.00767975,1.98201
0.001970709,0.00399727,1.98201
0.001971959,0.00767975,1.98201
0.001973209,0.00767975,1.98201
0.001974459,0.00399727,1.97826
0.001975709,0.000314796,1.9745
0.001976959,0.000314796,1.98201
0.001978209,0.00767975,1.98201
0.001979459,0.00767975,1.97826
0.001980709,0.00767975,1.97826
0.001981959,0.00399727,1.98201
0.001983209,0.00399727,1.98577
0.001984459,0.00767975,1.98201
0.001985709,0.0113622,1.98201
0.001986959,0.00767975,1.98201
0.001988209,0.00399727,1.97826
0.001989459,0.00767975,1.97826
0.001990709,0.00767975,1.98201
0.001991959,0.00767975,1.98201
0.001993209,0.00767975,1.97826
0.001994459,0.00767975,1.97826
0.001995709,0.00767975,1.98201
0.001996959,0.00399727,1.98577
0.001998209,0.00767975,1.98201
0.001999459,0.00767975,1.98201
0.002000709,0.00767975,1.97826
0.002001959,0.00399727,1.98577
0.002003209,0.00399727,1.97826
0.002004459,0.00767975,1.98201
0.002005709,0.00767975,1.97826
0.002006959,0.00767975,1.9745
0.002008209,0.0113622,1.97826
0.002009459,0.00767975,1.98201
0.002010709,0.0113622,1.9745
0.002011959,0.0113622,1.97826
0.002013209,0.00767975,1.98201
0.002014459,0.00767975,1.97826
0.002015709,0.00767975,1.97826
0.002016959,0.00767975,1.97826
0.002018209,0.00767975,1.9745
0.002019459,0.000314796,1.9745
0.002020709,0.000314796,1.98201
0.002021959,0.00399727,1.98577
0.002023209,0.00767975,1.98201
0.002024459,0.00399727,1.97826
0.002025709,0.000314796,1.98201
0.002026959,0.00767975,1.98577
0.002028209,0.00399727,1.98201
0.002029459,0.00399727,1.97826
0.002030709,0.00399727,1.97826
0.002031959,0.00399727,1.98577
0.002033209,0.00767975,1.97826
0.002034459,0.00767975,1.9745
0.002035709,0.00399727,1.97826
0.002036959,0.00399727,1.98201
0.002038209,0.000314796,1.98201
0.002039459,0.00767975,1.98201
0.002040709,0.0113622,1.98201
0.002041959,0.00767975,1.97826
0.002043209,0.00767975,1.9745
0.002044459,0.00399727,1.97826
0.002045709,0.0113622,1.97826
0.002046959,0.00767975,1.97826
0.002048209,0.0113622,1.97826
0.002049459,0.0113622,1.98201
0.002050709,0.00767975,1.98201
0.002051959,0.00767975,1.98201
0.002053209,0.00767975,1.98577
0.002054459,0.00399727,1.97826
0.002055709,0.00767975,1.97826
0.002056959,0.00767975,1.97826
0.002058209,0.00399727,1.98201
0.002059459,0.00399727,1.98201
0.002060709,0.00767975,1.98577
0.002061959,0.0113622,1.98201
0.002063209,0.00767975,1.97826
0.002064459,0.00399727,1.98201
0.002065709,0.00767975,1.98201
0.002066959,0.00399727,1.98201
0.002068209,0.000314796,1.98201
0.002069459,0.00399727,1.98577
0.002070709,0.00767975,1.98201
0.002071959,0.00399727,1.98201
0.002073209,0.00767975,1.97826
0.002074459,0.00399727,1.98577
0.002075709,0.00399727,1.98577
0.002076959,0.00399727,1.97826
0.002078209,0.00399727,1.97826
0.002079459,0.00399727,1.98201
0.002080709,0.00767975,1.9745
0.002081959,0.0113622,1.97826
0.002083209,0.00767975,1.97826
0.002084459,0.00399727,1.98201
0.002085709,0.000314796,1.98577
0.002086959,0.00767975,1.98201
0.002088209,0.00767975,1.98577
0.002089459,0.00399727,1.97826
0.002090709,0.00767975,1.97826
0.002091959,0.0113622,1.98201
0.002093209,0.00767975,1.98201
0.002094459,0.0113622,1.98201
0.002095709,0.00767975,1.98201
0.002096959,0.00767975,1.98201
0.002098209,0.00767975,1.98201
0.002099459,0.00399727,1.97826
0.002100709,0.00767975,1.97826
0.002101959,0.0113622,1.9745
0.002103209,0.0113622,1.97826
0.002104459,0.0113622,1.98201
0.002105709,0.0113622,1.9745
0.002106959,0.00767975,1.98201
0.002108209,0.00767975,1.98952
0.002109459,0.00767975,1.98201
0.002110709,0.00399727,1.97826
0.002111959,0.00399727,1.97826
0.002113209,0.00767975,1.98577
0.002114459,0.00767975,1.98201
0.002115709,0.00399727,1.98201
0.002116959,0.00399727,1.98201
0.002118209,0.000314796,1.98201
0.002119459,0.00767975,1.98201
0.002120709,0.00767975,1.98201
0.002121959,0.00399727,1.97826
0.002123209,0.00767975,1.98201
0.002124459,0.00399727,1.97826
0.002125709,0.000314796,1.98201
0.002126959,0.00767975,1.98201
0.002128209,0.00399727,1.98201
0.002129459,0.00767975,1.98201
0.002130709,0.00399727,1.98201
0.002131959,0.00767975,1.98201
0.002133209,0.00399727,1.98201
0.002134459,0.00767975,1.98201
0.002135709,0.00767975,1.98201
0.002136959,0.00399727,1.98577
0.002138209,0.000314796,1.98201
0.002139459,0.00399727,1.98201
0.002140709,0.00399727,1.97826
0.002141959,0.000314796,1.98201
0.002143209,0.00399727,1.98201
0.002144459,0.0113622,1.98201
0.002145709,0.0113622,1.98201
0.002146959,0.0113622,1.98201
0.002148209,0.00767975,1.98201
0.002149459,0.00399727,1.98201
0.002150709,0.00767975,1.98952
0.002151959,0.00399727,1.98201
0.002153209,0.00399727,1.98577
0.002154459,0.00399727,1.98577
0.002155709,0.00399727,1.98201
0.002156959,0.00767975,1.98577
0.002158209,0.00399727,1.9745
0.002159459,0.00767975,1.97826
0.002160709,0.00399727,1.98201
0.002161959,0.00767975,1.97826
0.002163209,0.00767975,1.97826
0.002164459,0.00767975,1.98201
0.002165709,0.00767975,1.9745
0.002166959,0.00767975,1.98201
0.002168209,0.0113622,1.98201
0.002169459,0.00399727,1.98201
0.002170709,0.00399727,1.98201
0.002171959,0.000314796,1.98201
0.002173209,0.00399727,1.98201
0.002174459,0.00767975,1.98577
0.002175709,0.0113622,1.98201
0.002176959,0.00399727,1.98201
0.002178209,0.00767975,1.98201
0.002179459,0.00767975,1.98201
0.002180709,0.00767975,1.98201
0.002181959,0.0113622,1.98201
0.002183209,0.00767975,1.98577
0.002184459,0.00399727,1.98577
0.002185709,0.00767975,1.98577
0.002186959,0.00767975,1.98201
0.002188209,0.00399727,1.98201
0.002189459,0.000314796,1.98952
0.002190709,0.00399727,1.98577
0.002191959,0.0113622,1.98201
0.002193209,0.00399727,1.97826
0.002194459,0.00767975,1.98577
0.002195709,0.00767975,1.98201
0.002196959,0.00399727,1.98577
0.002198209,0.00767975,1.98577
0.002199459,0.00399727,1.98201
0.002200709,0.00767975,1.98577
0.002201959,0.00767975,1.98201
0.002203209,0.00767975,1.98577
0.002204459,0.00767975,1.98577
0.002205709,0.00767975,1.98201
0.002206959,0.00399727,1.98201
0.002208209,0.000314796,1.98577
0.002209459,0.00767975,1.98201
0.002210709,0.00399727,1.98577
0.002211959,0.000314796,1.98201
0.002213209,0.00767975,1.98577
0.002214459,0.00767975,1.98201
0.002215709,0.00399727,1.98201
0.002216959,0.00767975,1.98201
0.002218209,0.00399727,1.97826
0.002219459,0.000314796,1.97826
0.002220709,0.000314796,1.9745
0.002221959,0.00399727,1.9745
0.002223209,0.00399727,1.98201
0.002224459,0.00399727,1.97826
0.002225709,0.0113622,1.98201
0.002226959,0.00767975,1.98952
0.002228209,0.00767975,1.98952
0.002229459,0.00399727,1.97826
0.002230709,0.00399727,1.98201
0.002231959,0.00399727,1.98201
0.002233209,0.0113622,1.98201
0.002234459,0.00767975,1.98577
0.002235709,0.00767975,1.98201
0.002236959,0.000314796,1.98577
0.002238209,0.000314796,1.98952
0.002239459,0.00399727,1.98577
0.002240709,0.00399727,1.98201
0.002241959,0.00399727,1.98201
0.002243209,0.00399727,1.97826
0.002244459,0.00399727,1.97826
0.002245709,0.00767975,1.97826
0.002246959,0.00767975,1.97826
0.002248209,0.0113622,1.98201
0.002249459,0.00767975,1.98577
0.002250709,0.00767975,1.98201
0.002251959,0.00399727,1.98577
0.002253209,0.00399727,1.98577
0.002254459,0.00767975,1.98201
0.002255709,0.00767975,1.98577
0.002256959,0.00399727,1.98577
0.002258209,0.000314796,1.98577
0.002259459,0.00399727,1.98201
0.002260709,0.00399727,1.98577
0.002261959,0.00767975,1.98577
0.002263209,0.00767975,1.98577
0.002264459,0.00767975,1.98577
0.002265709,0.000314796,1.98201
0.002266959,0.00767975,1.98201
0.002268209,0.00767975,1.98577
0.002269459,0.00767975,1.98577
0.002270709,0.00399727,1.97826
0.002271959,0.000314796,1.98201
0.002273209,0.00767975,1.98577
0.002274459,0.00767975,1.98577
0.002275709,0.00767975,1.98201
0.002276959,0.00767975,1.98577
0.002278209,0.0113622,1.98201
0.002279459,0.00767975,1.98201
0.002280709,0.00767975,1.98577
0.002281959,0.00767975,1.98201
0.002283209,0.00767975,1.98201
0.002284459,0.00767975,1.98201
0.002285709,0.000314796,1.98201
0.002286959,0.00399727,1.97826
0.002288209,0.0150447,1.98201
0.002289459,0.00767975,1.98577
0.002290709,0.000314796,1.98952
0.002291959,0.00767975,1.98201
0.002293209,0.00399727,1.98201
0.002294459,0.00767975,1.98577
0.002295709,0.0113622,1.98577
0.002296959,0.00767975,1.98577
0.002298209,0.00399727,1.98577
0.002299459,0.00399727,1.98952
0.002300709,0.00767975,1.97826
0.002301959,0.00399727,1.98577
0.002303209,0.00399727,1.98577
0.002304459,0.00767975,1.98577
0.002305709,0.00767975,1.98577
0.002306959,0.0113622,1.98201
0.002308209,0.00399727,1.98201
0.002309459,0.00767975,1.98201
0.002310709,0.00767975,1.98201
0.002311959,0.0113622,1.98201
0.002313209,0.00767975,1.97826
0.002314459,0.00399727,1.97826
0.002315709,0.00399727,1.98201
0.002316959,0.00767975,1.98201
0.002318209,0.00767975,1.98577
0.002319459,0.00399727,1.98201
0.002320709,0.00399727,1.98201
0.002321959,0.00767975,1.98201
0.002323209,0.00767975,1.98201
0.002324459,0.00399727,1.98201
0.002325709,0.00767975,1.98201
0.002326959,0.00767975,1.98201
0.002328209,0.00399727,1.98577
0.002329459,0.00767975,1.98201
0.002330709,0.0113622,1.97826
0.002331959,0.0113622,1.98201
0.002333209,0.0113622,1.98201
0.002334459,0.0113622,1.98201
0.002335709,0.0113622,1.98577
0.002336959,0.00399727,1.98577
0.002338209,0.00399727,1.98577
0.002339459,0.00767975,1.98577
0.002340709,0.00767975,1.98577
0.002341959,0.00767975,1.98201
0.002343209,0.00399727,1.98201
0.002344459,0.0113622,1.98577
0.002345709,0.00399727,1.97826
0.002346959,0.000314796,1.98201
0.002348209,0.00767975,1.98577
0.002349459,0.00767975,1.98577
0.002350709,0.00767975,1.98577
0.002351959,0.00767975,1.98201
0.002353209,0.00399727,1.98201
0.002354459,0.00399727,1.98577
0.002355709,0.00767975,1.98952
0.002356959,0.00399727,1.99327
0.002358209,0.00767975,1.98577
0.002359459,0.00399727,1.98577
0.002360709,0.0113622,1.98952
0.002361959,0.00767975,1.98201
0.002363209,0.00767975,1.97826
0.002364459,0.00767975,1.98201
0.002365709,0.0113622,1.98577
0.002366959,0.0113622,1.98577
0.002368209,0.00767975,1.97826
0.002369459,0.00399727,1.98201
0.002370709,0.00399727,1.98201
0.002371959,0.00767975,1.98201
0.002373209,0.00399727,1.98201
0.002374459,0.00767975,1.98201
0.002375709,0.00399727,1.97826
0.002376959,0.000314796,1.98201
0.002378209,0.000314796,1.97826
0.002379459,0.00767975,1.97826
0.002380709,0.00399727,1.97826
0.002381959,0.00767975,1.98952
0.002383209,0.0113622,1.98201
0.002384459,0.00399727,1.97826
0.002385709,0.00399727,1.98201
0.002386959,0.00767975,1.98201
0.002388209,0.00399727,1.98201
0.002389459,0.00399727,1.98201
0.002390709,0.00767975,1.97826
0.002391959,0.00399727,1.98201
0.002393209,0.0113622,1.98201
0.002394459,0.00767975,1.98577
0.002395709,0.00767975,1.98952
0.002396959,0.00767975,1.98577
0.002398209,0.00399727,1.9745
0.002399459,0.00399727,1.98201
0.002400709,0.00399727,1.98577
0.002401959,0.000314796,1.97826
0.002403209,0.00399727,1.9745
0.002404459,0.00767975,1.97826
0.002405709,0.0113622,1.97826
0.002406959,0.0113622,1.98201
0.002408209,0.00767975,1.98577
0.002409459,0.0113622,1.98577
0.002410709,0.00767975,1.97826
0.002411959,0.00399727,1.98201
0.002413209,0.00767975,1.98201
0.002414459,0.00767975,1.98201
0.002415709,0.00399727,1.98201
0.002416959,0.00399727,1.98201
0.002418209,0.00767975,1.98577
0.002419459,0.00767975,1.98201
0.002420709,0.00399727,1.98201
0.002421959,0.00399727,1.98577
0.002423209,0.00767975,1.98201
0.002424459,0.00767975,1.98201
0.002425709,0.00767975,1.9745
0.002426959,0.00767975,1.97826
0.002428209,0.00399727,1.98577
0.002429459,0.00399727,1.98201
0.002430709,0.0113622,1.98201
0.002431959,0.00767975,1.98577
0.002433209,0.00767975,1.98201
0.002434459,0.00767975,1.97826
0.002435709,0.00767975,1.98201
0.002436959,0.00399727,1.97826
0.002438209,0.00767975,1.97826
0.002439459,0.00767975,1.97826
0.002440709,0.00399727,1.98201
0.002441959,0.00399727,1.98201
0.002443209,0.00767975,1.98201
0.002444459,0.00399727,1.97826
0.002445709,0.00399727,1.98201
0.002446959,0.00399727,1.98577
0.002448209,0.00399727,1.98201
0.002449459,0.00399727,1.98201
0.002450709,0.000314796,1.98952
0.002451959,0.000314796,1.98577
0.002453209,0.000314796,1.98201
0.002454459,0.000314796,1.98201
0.002455709,0.00767975,1.98952
0.002456959,0.00767975,1.98577
0.002458209,0.00767975,1.98201
0.002459459,0.00399727,1.98201
0.002460709,0.00399727,1.98201
0.002461959,0.00399727,1.98201
0.002463209,0.0113622,1.97826
0.002464459,0.00767975,1.97826
0.002465709,0.00399727,1.98201
0.002466959,0.00767975,1.98201
0.002468209,0.00399727,1.98577
0.002469459,0.00399727,1.98201
0.002470709,0.00767975,1.98201
0.002471959,0.00767975,1.98201
0.002473209,0.00399727,1.97826
0.002474459,0.00399727,1.98201
0.002475709,0.00399727,1.97826
0.002476959,0.00399727,1.98201
0.002478209,0.0113622,1.98201
0.002479459,0.0113622,1.97826
0.002480709,0.00399727,1.9745
0.002481959,0.00767975,1.97826
0.002483209,0.00767975,1.9745
0.002484459,0.000314796,1.98577
0.002485709,0.00767975,1.98577
0.002486959,0.0113622,1.98577
0.002488209,0.00399727,1.98577
0.002489459,0.00767975,1.98201
0.002490709,0.00767975,1.97826
0.002491959,0.00767975,1.98201
0.002493209,0.00767975,1.98577
0.002494459,0.00767975,1.98201